Symbol,GeneID
Pigr,18703
Abcc4,239273
Csf3,12985
Uhrf1bp1,224648
Hrh4,225192
Plk4,20873
Il24,93672
Sgk1,20393
Wnt4,22417
Cxcl2,20310
Duox2,214593
Ddb2,107986
Dct,13190
Ccl21b,100042493
Ampd1,229665
Cacna1c,12288
Syt1,20979
Pik3ca,18706
Sfpq,71514
Asrgl1,66514
Nfic,18029
Creb3l3,208677
Pbrm1,66923
Ndrg1,17988
Hnrnpk,15387
Dmrt3,240590
Stim1,20866
St8sia1,20449
Guca2a,14915
Gdnf,14573
Psme3,19192
Pitx3,18742
Hcfc1,15161
Slc20a1,20515
Bhlhe41,79362
Gzmb,14939
Flt4,14257
Tshz1,110796
Cdk5,12568
Adcy4,104110
Tcf7,21414
Dlx1,13390
Ifitm5,73835
Igf2,16002
Dusp1,19252
G6pc2,14378
Myod1,17927
Pla2g4a,18783
Ovol2,107586
Eif4e,13684
Cd80,12519
Mc2r,17200
Slc9a2,226999
Retsat,67442
Nppa,230899
Hoxb4,15412
Acrv1,11451
Il4,16189
Gad1,14415
Sstr2,20606
Vezf1,22344
Zfp148,22661
Itgb6,16420
Pik3r1,18708
Gsk3b,56637
Hnf1a,21405
Hoxa11,15396
Nphs1,54631
Pou4f2,18997
Epas1,13819
Prdx2,21672
Bcl9,77578
Abcg1,11307
Hoxd3,15434
Pitx2,18741
Trpm1,17364
Hsf4,26386
Jag1,16449
Pagr1a,67278
Tlr4,21898
Ptgs1,19224
Pml,18854
Dusp2,13537
Jak3,16453
Tnfaip3,21929
Gjd2,14617
Pkd1,18763
Rel,19696
Tnfsf11,21943
Bin1,30948
Ppp2r5c,26931
Isl1,16392
Kcnn3,140493
Nr2c2,22026
Map1lc3b,67443
Furin,18550
Col11a2,12815
Bclaf1,72567
Lhx2,16870
Ins2,16334
Igfbp6,16012
Bcat1,12035
Thrap3,230753
Mcts1,68995
Cflar,12633
Xiap,11798
Pygo2,68911
Rfxank,19727
Atf3,11910
Sis,69983
Gsc2,195333
Hsd3b1,15492
Cxcl12,20315
Tgfb1,21803
Adora2a,11540
Elk3,13713
Tph1,21990
Nrarp,67122
Fosl1,14283
Gypa,14934
Ccl20,20297
Foxl1,14241
Krt19,16669
Cald1,109624
Ube2i,22196
Mertk,17289
Cyp1b1,13078
Txnip,56338
Otx2,18424
Hist2h4,97122
H2-Ea-ps,100504404
Foxp3,20371
Zfp819,74400
Selenow,20364
Hey2,15214
St18,240690
Ids,15931
Onecut1,15379
Esrrb,26380
Hbb-b1,15129
Sema6a,20358
Tnfsf13b,24099
Mgmt,17314
Myh10,77579
Lmo3,109593
Sox6,20679
Wt1,22431
Tardbp,230908
Cyr61,16007
Ccne1,12447
Pou2af1,18985
Agtr1a,11607
Art1,11870
Hmgb2,97165
Il21,60505
Prox1,19130
Ager,11596
Lif,16878
Kif17,16559
Ssb,20823
Vim,22352
Npat,244879
Ttf2,74044
Ang2,11731
Tbx2,21385
Nr1h3,22259
Cbx5,12419
Aldh1a7,26358
Hdac7,56233
Adamts16,271127
Pwp1,103136
Ddx54,71990
Myc,17869
Zbtb7b,22724
Phgdh,236539
Rnf141,67150
Foxe3,30923
Rala,56044
Tbx19,83993
Stat2,20847
Il2,16183
Nes,18008
Fpr1,14293
Runx1t1,12395
Zbtb14,22666
Cdkn2a,12578
Birc5,11799
Polk,27015
Rfx1,19724
Fgf9,14180
Gls2,216456
Ngfr,18053
H2-Ab1,14961
Sall2,50524
Irak2,108960
Skp2,27401
Plin1,103968
Hmga2,15364
Insm1,53626
Il33,77125
Vcam1,22329
Apc,11789
Serpinb5,20724
Cav1,12389
Cyp1a2,13077
Reck,53614
Ifi204,15951
Stat4,20849
Folr1,14275
Mesp2,17293
Cryab,12955
Ptpru,19273
Pcyt1a,13026
Fbp1,14121
Phox2a,11859
Cyp17a1,13074
Slc6a3,13162
Grin2b,14812
Cxcl11,56066
Ets2,23872
Foxo3,56484
Axl,26362
Pck1,18534
Dlx3,13393
Klf11,194655
Gdf15,23886
Sox21,223227
Ctsk,13038
Ckap2,80986
Foxo1,56458
Trp63,22061
Pomc,18976
Cd8a,12525
Pdpn,14726
Shh,20423
Usp17le,625530
Notch2,18129
Nfib,18028
Ppara,19013
Dlk1,13386
Dntt,21673
Mcm2,17216
Cdkn2b,12579
Erf,13875
Ddr2,18214
Vegfa,22339
Sult1e1,20860
Cops5,26754
Mta1,116870
Pea15a,18611
Pde6b,18587
Chek2,50883
Il18r1,16182
Slc51a,106407
Dnm1,13429
Mixl1,27217
Bad,12015
Fabp1,14080
Ing4,28019
Dll4,54485
Sdc1,20969
Fezf2,54713
Hey1,15213
Dmrta1,242523
Ccnb1,268697
Coro1a,12721
Gast,14459
Ebf1,13591
Slco1b2,28253
Insl3,16336
Ostn,239790
Ucp3,22229
Tgfb1i1,21804
Prrc2a,53761
Ruvbl2,20174
Il6st,16195
Pla2g16,225845
Nphs2,170484
Ccl22,20299
Elf4,56501
Fgf2,14173
Rapsn,19400
Etv5,104156
Pou1f1,18736
Crisp3,11572
Nox4,50490
Esm1,71690
Prkra,23992
Pgk2,18663
Nr1d1,217166
Nfat5,54446
Fgf17,14171
Fos,14281
Rho,212541
Rlf,109263
Smarce1,57376
Id2,15902
Ccl19,24047
Aff1,17355
Tnnc1,21924
Igfbp5,16011
Mme,17380
Hoxa10,15395
Itga7,16404
Mgp,17313
Slc39a14,213053
Ngb,64242
Nanog,71950
Pax9,18511
Ddit4,74747
Ifnb1,15977
Timp3,21859
Slc12a3,20497
Il23r,209590
Mitf,17342
Acp5,11433
Slc11a1,18173
Smc3,13006
Pvr,52118
Ccna1,12427
Tuft1,22156
Lrp5,16973
Sox4,20677
Txnrd2,26462
Hoxa7,15404
Meox2,17286
Vsx2,12677
Map1a,17754
Nfatc3,18021
Vnn1,22361
Tbx6,21389
Dach2,93837
Hmbs,15288
Dbh,13166
Kcnip2,80906
Ltf,17002
Gstm2,14863
Dbi,13167
Rac2,19354
Foxl2,26927
Hsd3b4,15495
Gtf2ird1,57080
Insig1,231070
Des,13346
Pecam1,18613
Med8,80509
Nefl,18039
Casp6,12368
Sdha,66945
Aicda,11628
Bub1,12235
Pdk1,228026
B4galnt1,14421
Nr1d2,353187
E2f3,13557
Prdm16,70673
Wwp2,66894
Nr2c1,22025
Cyp26a1,13082
Bcr,110279
Abcd2,26874
Efnb2,13642
Pou3f3,18993
Pou4f3,18998
Zfp384,269800
Pklr,18770
Nhlh1,18071
Tlr2,24088
Sox8,20681
Zbtb17,22642
H19,14955
Heyl,56198
Tfe3,209446
Blnk,17060
Prdm8,77630
Anpep,16790
Hic1,15248
Mafg,17134
Zfp42,22702
Mobp,17433
Myoz1,59011
Lgals1,16852
Eya2,14049
Sqstm1,18412
Csf1,12977
Ptgs2,19225
Bid,12122
Cd47,16423
Cryaa,12954
Klf8,245671
Slc2a2,20526
Egr2,13654
Xpc,22591
Ovol1,18426
Th,21823
Fcer1a,14125
Ube2h,22214
Trf,22041
Pola1,18968
Hsd3b6,15497
Lct,226413
Runx2,12393
Csf3r,12986
Casp3,12367
Nacc1,66830
Zbtb20,56490
Atp1b1,11931
Pemt,18618
Myl6,17904
Cyp19a1,13075
Dcc,13176
Chrne,11448
Dbp,13170
Barx1,12022
Ascl1,17172
Hbegf,15200
Napepld,242864
Gabre,14404
Cd36,12491
Sfrp2,20319
Jund,16478
Rgr,57811
Kitl,17311
Srxn1,76650
Ybx1,22608
Akt1,11651
Nectin4,71740
Angptl2,26360
Gsta2,14858
Tbx20,57246
Atoh1,11921
Ptafr,19204
Ptges,64292
Mybl1,17864
Ghr,14600
Akr1b8,14187
Htr2c,15560
Irf3,54131
Mxd1,17119
Utf1,22286
Meox1,17285
Llgl2,217325
Il12rb2,16162
Ncf1,17969
Arg2,11847
Yap1,22601
Tcf19,106795
Spp1,20750
Trim28,21849
Etv3,27049
Gdf5,14563
Cited2,17684
Mmp9,17395
Rgs4,19736
Zfp13,22654
Hoxb8,15416
Nab2,17937
Ebf3,13593
Cux2,13048
Glis3,226075
Flt3,14255
Zbtb18,30928
Dnmt3a,13435
Zfp277,246196
Rbp4,19662
Abca1,11303
St8sia2,20450
Col4a1,12826
Gadd45b,17873
Pten,19211
Ifngr1,15979
Ncoa1,17977
Nr5a2,26424
Selp,20344
Cd52,23833
Il1rn,16181
Elovl5,68801
Coro1b,23789
Tob1,22057
Pld2,18806
Cenpj,219103
Pou2f1,18986
Hnf4a,15378
Foxm1,14235
Fancc,14088
Itm2a,16431
Trp53,22059
Muc5ac,17833
Zfp488,382867
Cdh17,12557
Rhox5,18617
Arx,11878
Sox15,20670
Tgm1,21816
Tgfb3,21809
Macc1,238455
Il9,16198
Tet2,214133
Dnase2a,13423
Usp18,24110
Celsr3,107934
Lef1,16842
Sftpd,20390
Spib,272382
Rb1,19645
H2-Ob,15002
Cyp8b1,13124
Ikzf2,22779
Sim2,20465
Grem1,23892
Gdf10,14560
Ctsl,13039
Kit,16590
S100a9,20202
Bak1,12018
Per1,18626
Oprd1,18386
Elane,50701
Nkx2-3,18089
Gnrh1,14714
Sall1,58198
Cxcr2,12765
Abcc6,27421
Hoxb3,15410
Piezo2,667742
Fcer2a,14128
Pnn,18949
Oas1g,23960
Ces1d,104158
Arntl2,272322
Tnfrsf4,22163
Etv2,14008
Rab18,19330
Calcoco2,76815
Tmem159,233806
Neurog3,11925
Ift20,55978
Nfyb,18045
Odc1,18263
Elk1,13712
Fxn,14297
Pou3f2,18992
Mafk,17135
Gabra6,14399
Icos,54167
Dmd,13405
Zfp410,52708
Elf5,13711
Hmga1,15361
Trim11,94091
Cidea,12683
Irx3,16373
Helt,234219
Pcp2,18545
Ltbr,17000
Gpc4,14735
Irf8,15900
Deaf1,54006
Nos1,18125
Tfap2c,21420
Tshz3,243931
Mmp19,58223
Cdk1,12534
Rara,19401
Sh3gl1,20405
Six5,20475
Csn2,12991
Hba-x,15126
Rere,68703
Lipc,15450
Tank,21353
Lama4,16775
Acsbg1,94180
Hoxa5,15402
Amh,11705
Frzb,20378
Abcb11,27413
Ccl5,20304
Cyp4a12b,13118
Adamts1,11504
Cd40,21939
Aldh3a2,11671
Gabpa,14390
Six2,20472
Prmt1,15469
Rnls,67795
Pou5f1,18999
Itga4,16401
Slc27a1,26457
Cfdp1,23837
Bhlhe40,20893
Tert,21752
Xrcc5,22596
Cd1d2,12480
Zfp335,329559
Foxj1,15223
Wnt7a,22421
Pax7,18509
Ppargc1b,170826
Sparc,20692
Bcl2l11,12125
Inha,16322
Dll3,13389
Dll1,13388
Clcn7,26373
Ccl11,20292
Tk1,21877
Efna1,13636
Vav3,57257
Rps6ka1,20111
Smad7,17131
Prrx1,18933
Mapk8ip1,19099
Abl1,11350
Ptx3,19288
Hst1,109727
Ebf2,13592
Dck,13178
Atp6v1e2,74915
Smarca2,67155
Zfp36,22695
Abcg2,26357
Nfkbia,18035
Hmgxb4,70823
Abcc2,12780
Lmx1b,16917
Cd1d1,12479
Hoxd1,15429
Ecm1,13601
Mc4r,17202
Itch,16396
Trrap,100683
Eomes,13813
Ski,20481
Ccl12,20293
Thy1,21838
Col5a3,53867
Npas4,225872
Pax8,18510
Alb,11657
Reg3b,18489
Nfix,18032
Klf6,23849
Prodh,19125
Cyp2c29,13095
Rarg,19411
Egr1,13653
Tbx15,21384
Bglap,12096
Chrna7,11441
Sin3a,20466
Trim24,21848
Nfkb2,18034
Cav3,12391
Bub3,12237
Grem2,23893
Tlx3,27140
Atp11c,320940
Fbn2,14119
Slurp1,57277
Il17a,16171
Taf4b,72504
Ptpn1,19246
Panx3,208098
Ckm,12715
Cdkn1a,12575
Hcrt,15171
Cd7,12516
Mtor,56717
Pltp,18830
Zfp26,22688
Il5,16191
Glp1r,14652
Nkx3-1,18095
Met,17295
Acta1,11459
Lhx9,16876
Csf1r,12978
Nostrin,329416
Fgf20,80857
Nr1h2,22260
Ctr9,22083
Tdgf1,21667
Cldn4,12740
Tmem50a,71817
Dtx1,14357
Pxmp4,59038
Zbtb33,56805
Foxn4,116810
Arid5b,71371
Hes7,84653
Rlim,19820
Zfp131,72465
Lmx1a,110648
Zbtb38,245007
Tsc1,64930
Rorc,19885
Aldh1a1,11668
Hspa5,14828
Foxa2,15376
Lhx3,16871
Trim63,433766
Gzf1,74533
Col1a1,12842
Slc5a1,20537
Dlc1,50768
Wbp1,22377
Ppm1d,53892
Ung,22256
Fam89b,17826
Pias4,59004
Sult1a1,20887
Ei24,13663
Tjp1,21872
Eln,13717
Hoxc13,15422
Birc3,11796
Tec,21682
Cdkn1b,12576
Kcnd2,16508
Cd79b,15985
Pou3f1,18991
Nfatc1,18018
Hmox1,15368
Bbc3,170770
Hspb1,15507
Calm1,12313
Psat1,107272
Lpl,16956
Rps6kb1,72508
Cebpg,12611
Comp,12845
Hnf1b,21410
Nfya,18044
Kat5,81601
Klf7,93691
Axin1,12005
Cyp39a1,56050
Bax,12028
Dctn2,69654
Gjd3,353155
Nr1i3,12355
Pmaip1,58801
Slc2a3,20527
Nedd9,18003
Stat1,20846
Psap,19156
Insm2,56856
Jak1,16451
Tcf12,21406
Bglap2,12097
Tead2,21677
Hmgn3,94353
Cish,12700
Gins3,78833
Hsf1,15499
Fhl2,14200
Csf2,12981
Nkx6-1,18096
Gsx2,14843
Stra8,20899
Pcp4,18546
Myom1,17929
Ppp1r13l,333654
Rs1,20147
Dyrk1a,13548
Tle2,21886
Pdhx,27402
Sesn1,140742
Kctd13,233877
Fcgr3,14131
Atn1,13498
Slc12a5,57138
Cdon,57810
Nrl,18185
Tfb1m,224481
Nampt,59027
Glis2,83396
Upp1,22271
H2-Oa,15001
Creld2,76737
Aebp2,11569
Cks1b,54124
Siva1,30954
Klf3,16599
Nab1,17936
Trp53inp1,60599
Steap3,68428
Fmr1,14265
Tshb,22094
Mylk3,213435
Mtf1,17764
Tcirg1,27060
Glul,14645
Hoxa3,15400
Tcf4,21413
Ptprv,13924
Nr2e3,23958
Il3,16187
Prom1,19126
Rhob,11852
Med6,69792
Cxadr,13052
Dpf3,70127
Tbpl1,237336
Plau,18792
Prop1,19127
Samd7,75953
Myh7,140781
Tagln,21345
App,11820
Myd88,17874
Herpud1,64209
Rarb,218772
Hmox2,15369
Hexim1,192231
Mesp1,17292
Nono,53610
Snai2,20583
Tcl1,21432
Fmo3,14262
Serpinb2,18788
Cyp26b1,232174
Ankrd2,56642
Tnfrsf17,21935
Nkx2-5,18091
Nudt1,17766
Rag1,19373
Pax3,18505
Agt,11606
Enpp1,18605
Gfi1,14581
Itgb4,192897
Ell3,269344
Plag1,56711
Epc1,13831
Hes5,15208
Cd38,12494
Gpr143,18241
Dlx5,13395
Prnp,19122
Msc,17681
Slc8a1,20541
Grik2,14806
Cer1,12622
Fgf1,14164
Slc1a2,20511
Plin2,11520
Arl6ip5,65106
Il6,16193
Fcer1g,14127
Ldha,16828
Casz1,69743
Pou2f2,18987
Atxn3,110616
Mtf2,17765
Akip1,57373
Fbln1,14114
Mmp2,17390
Nkx2-9,18094
H2-K1,14972
Gtse1,29870
Dido1,23856
Pax6,18508
Cd72,12517
Nlrp2,232827
Rnf11,29864
Sirt1,93759
Myl9,98932
Glrx,93692
Lxn,17035
Tyrp1,22178
Fcgr1,14129
Hmgcr,15357
Sele,20339
Acss1,68738
Ifnl3,338374
Gata2,14461
Mfn2,170731
Stard5,170460
E2f4,104394
Fgf8,14179
Wwp1,107568
Pax4,18506
Slc25a20,57279
Zfp521,225207
Syp,20977
Gal3st1,53897
Slc18a2,214084
Kif26b,269152
Ehf,13661
Nop56,67134
Tbx5,21388
Ccl7,20306
Srebf2,20788
Psen1,19164
Zbtb32,58206
En2,13799
Phf2,18676
Slc7a5,20539
Ctcf,13018
Smad6,17130
Mast1,56527
Maz,17188
Ppp1r14a,68458
Ccnd3,12445
Epha4,13838
Mapk1,26413
Tcf20,21411
Mcm5,17218
Mmp13,17386
Smad1,17125
D7Ertd443e,71007
Rbpjl,19668
Shroom3,27428
Ahr,11622
Lama1,16772
Creb3,12913
Cr2,12902
Phlpp1,98432
Sct,20287
E2f8,108961
Cdkn2d,12581
Taf9,108143
Sox11,20666
Ifi202b,26388
Tlx1,21908
Syn2,20965
Rgcc,66214
Elf2,69257
Mafb,16658
Col1a2,12843
Mstn,17700
Kcnip3,56461
E2f2,242705
Chd4,107932
Clcnkb,56365
Sirt6,50721
Bace1,23821
Robo3,19649
Ptk2,14083
Smyd1,12180
Nkx2-2,18088
Lpar2,53978
Sin3b,20467
Rap1b,215449
Il31,76399
Cox6a1,12861
Hsd11b2,15484
Rbmx,19655
Oprk1,18387
Ptcra,19208
Nr2f1,13865
Fabp6,16204
Soat2,223920
Ngf,18049
Pappa,18491
Hesx1,15209
Trim13,66597
Ppp1r3b,244416
Crabp1,12903
Timp2,21858
Pdzk1ip1,67182
Dnmt1,13433
Gh,14599
Tfap2a,21418
Slc1a4,55963
Setd7,73251
Ucp1,22227
Batf2,74481
Ephb2,13844
Ifng,15978
Fkbp5,14229
Crx,12951
Tyr,22173
Mad2l1,56150
Drd2,13489
Ddc,13195
Cnot7,18983
Sost,74499
Foxi1,14233
Thbs2,21826
Atp6v1e1,11973
Lipe,16890
Plin4,57435
Nlrp12,378425
Kiss1,280287
Sorbs1,20411
Lyl1,17095
Vwf,22371
Nos3,18127
Crebbp,12914
Zfp157,72154
Hltf,20585
Gap43,14432
Irs1,16367
Tnfsf15,326623
Map3k5,26408
Peg3,18616
Tnc,21923
Cdh1,12550
Ube2k,53323
Kdm6b,216850
Sort1,20661
Sema3c,20348
Gtf2a1,83602
Wnt7b,22422
Ppp2ca,19052
Il11,16156
Tlr3,142980
Il10,16153
Mcl1,17210
Col5a2,12832
Zyx,22793
Grin1,14810
Dnajc2,22791
E2f1,13555
Lin28a,83557
Lin9,72568
Mmp7,17393
Irf4,16364
Gtf2i,14886
Neurod4,11923
Foxd1,15229
Gabrb3,14402
Gsta1,14857
Stat5b,20851
Vtn,22370
Prkce,18754
Nrgn,64011
Ccna2,12428
Aatf,56321
Llgl1,16897
Fxyd5,18301
Rcor2,104383
Spi1,20375
Cd34,12490
Six4,20474
Ar,11835
Eif4g3,230861
Casp12,12364
Zic1,22771
Plagl1,22634
Irf1,16362
Rasl12,70784
Zhx2,387609
Pfkfb3,170768
Pcsk2,18549
Pthlh,19227
Rps6ka5,73086
Prtn3,19152
Gstk1,76263
Sgca,20391
Hcn4,330953
Slc7a11,26570
Slc19a2,116914
Cdca7,66953
Usf1,22278
Notum,77583
Cebpb,12608
Nr3c1,14815
Zfx,22764
Olig1,50914
C1qtnf3,81799
Ccr2,12772
Gja5,14613
Smarcd1,83797
Dlx6,13396
Krt18,16668
Nodal,18119
Samd11,231004
Ezh2,14056
Gli3,14634
Nck2,17974
Vdr,22337
Ascl2,17173
Tap1,21354
Uncx,22255
Ren1,19701
Smad4,17128
Dusp6,67603
Crp,12944
Slc5a2,246787
Ltc4s,17001
Hoxb5,15413
Mga,29808
Smarca5,93762
Sqle,20775
Foxe1,110805
Hmgcs1,208715
Olfr151,406176
Abhd14a,68644
Thbd,21824
Yy1,22632
Matn1,17180
Sox17,20671
Ilk,16202
Cdh2,12558
Runx3,12399
Edil3,13612
Fgfr4,14186
Hcrtr2,387285
Rbl2,19651
Klf13,50794
Cux1,13047
Smarca4,20586
Phb,18673
Madcam1,17123
Myl1,17901
Pknox1,18771
Gck,103988
Nr4a2,18227
Elf1,13709
Gja4,14612
Pcbp2,18521
Cdk2,12566
Ndn,17984
Thra,21833
Fabp4,11770
Igfbp1,16006
Adcyap1r1,11517
Calr,12317
Nfil3,18030
Apoa5,66113
Dmtf1,23857
Kcnn4,16534
Add1,11518
Btg2,12227
Ly6a,110454
Ep300,328572
Csl,71832
Slc27a5,26459
Fus,233908
Btk,12229
Jun,16476
Lgals9,16859
Adora2b,11541
Klf12,16597
Ifna1,15962
Cdh15,12555
Atf4,11911
Tfam,21780
Pag1,94212
Lhx4,16872
Brca2,12190
Pitrm1,69617
Pbx2,18515
Spdef,30051
Brd4,57261
Acta2,11475
Rig1,109906
Creb3l1,26427
Arid3a,13496
Ccnd2,12444
Nrp1,18186
Zfp281,226442
Nhlh2,18072
Ucp2,22228
Suv39h1,20937
Epor,13857
Fosb,14282
Rfx2,19725
Ogg1,18294
Junb,16477
Ldb1,16825
Clock,12753
Bmi1,12151
Cxcl1,14825
Myb,17863
Cpt1b,12895
Tek,21687
Zfp523,224656
Zic3,22773
Pttg1ip,108705
Dlx2,13392
Kcna5,16493
Cldn2,12738
Il7,16196
Rlbp1,19771
Msx1,17701
F3,14066
Apbb1,11785
Zbtb7a,16969
Dmap1,66233
Cyp2a5,13087
Ilf2,67781
Satb1,20230
Batf3,381319
Foxo4,54601
Fbp2,14120
Hinfp,102423
Esr1,13982
Col5a1,12831
Tslp,53603
Tcf21,21412
Cat,12359
Hgf,15234
Cebpa,12606
Lamb1,16777
Fbln5,23876
Ccnd1,12443
Ptf1a,19213
Kcnmb1,16533
Htatip2,53415
Tcfl5,277353
Pou2f3,18988
Fbxo32,67731
Evpl,14027
Gbx2,14472
Mip,17339
Apoa1,11806
Dsg2,13511
Sp9,381373
Ferd3l,114712
Vegfc,22341
Ptch1,19206
Msr1,20288
Hrk,12123
Gabpb1,14391
Zbtb16,235320
Nmnat2,226518
Grb2,14784
Dctn6,22428
Lcn2,16819
Hand1,15110
Nr2f6,13864
Adra2b,11552
Cxcr4,12767
Rfx3,19726
Tnfrsf18,21936
Sigmar1,18391
Arr3,170735
Zic2,22772
Aldh3a1,11670
Tal2,21350
Calb2,12308
Myoz2,59006
Ide,15925
Ins1,16333
Ets1,23871
Alox8,11688
Pcna,18538
Rfx4,71137
Taf12,66464
Lect2,16841
Cyp2e1,13106
Ptger2,19217
Rbpj,19664
Aes,14797
Il12a,16159
Nkx3-2,12020
Sh2d1a,20400
Retnla,57262
Foxq1,15220
Pth,19226
Setbp1,240427
F11,109821
Pgr,18667
Ptma,19231
Cnr1,12801
Npsr1,319239
Pf4,56744
Dpp6,13483
Foxh1,14106
Apex1,11792
Cbx6,494448
Apaf1,11783
Fasn,14104
Muc1,17829
Cyp11a1,13070
Gja1,14609
Tbx1,21380
Pkp3,56460
Bhmt,12116
Batf,53314
Hbb-y,15135
Mia,12587
Rad51,19361
Bsg,12215
Otp,18420
Gcm2,107889
Casp7,12369
Brinp1,56710
Kdm5a,214899
Atxn7,246103
Zfp64,22722
Myf5,17877
Sox5,20678
Wnt10a,22409
Bcl2,12043
Mapk3,26417
Wisp1,22402
Stk40,74178
Bmp4,12159
Ilf3,16201
Irx5,54352
Cul2,71745
Twist1,22160
Timp1,21857
Fgf15,14170
Prdx3,11757
Prrxl1,107751
Neurod2,18013
Hbp1,73389
Hoxa4,15401
Fth1,14319
Pias1,56469
Lrrc10,237560
Cetn2,26370
Foxn1,15218
Crtc2,74343
Etv4,18612
Mmp12,17381
Ctnnb1,12387
Cx3cr1,13051
Paxip1,55982
Cdc6,23834
Cga,12640
Pcgf2,22658
Il1rl1,17082
Mgst1,56615
Krt8,16691
Trem1,58217
Heca,380629
Nfkb1,18033
Ikzf1,22778
Esr2,13983
Insr,16337
Cxcl5,20311
Plagl2,54711
Prph2,19133
Pura,19290
Eno2,13807
Epo,13856
Lmo4,16911
Omp,18378
Gfap,14580
Zfp57,22715
Idh1,15926
Gsc,14836
Tbx3,21386
Rnd2,11858
Mpl,17480
Tbr1,21375
Apoa4,11808
Osr1,23967
Dusp4,319520
Parp1,11545
Slc2a1,20525
Hbb-bh1,15132
Gpam,14732
Sphk2,56632
Aplp1,11803
Rfxap,170767
Ing1,26356
Usp17la,13531
Tollip,54473
Clnk,27278
Tlr11,239081
Sertad1,55942
Nr2e1,21907
Nectin1,58235
Slc10a2,20494
Cldn7,53624
Mbd2,17191
Tle4,21888
Rxra,20181
Cpox,12892
Glipr1,73690
Dcx,13193
Nepn,66650
Nrp2,18187
Elf3,13710
Bcl2a1d,12047
Pcsk1,18548
Map4,17758
Aatk,11302
Hspa1b,15511
Mcm3,17215
Bach2,12014
Map2,17756
Cry2,12953
Grb10,14783
Abl2,11352
Tnfrsf12a,27279
Hhex,15242
Pax1,18503
Dsg4,16769
Rora,19883
Dkk3,50781
Atp9a,11981
Tax1bp3,76281
Il22,50929
Myh7b,668940
Hnrnpa1,15382
Mta2,23942
Slc22a17,59049
Irf5,27056
Eno1,13806
Elovl3,12686
Myom3,242702
Gcg,14526
Dcst2,329702
Casp8,12370
Klf5,12224
Atp2a2,11938
Mab21l1,17116
Psme2,19188
Tac2,21334
Itgb3,16416
Trp73,22062
Add2,11519
Satb2,212712
Ptgds,19215
Nr0b1,11614
Ncoa4,27057
Icam1,15894
Edn1,13614
Utrn,22288
Lhx6,16874
Crtc1,382056
Foxp1,108655
Slc4a9,240215
Tnfrsf25,85030
Slc6a4,15567
Gata5,14464
Hoxb2,103889
Apoe,11816
Nsd1,18193
Pdx1,18609
Ntn1,18208
Fas,14102
Scx,20289
Grip1,74053
Ncoa5,228869
Dhh,13363
Prrx2,20204
Khdrbs1,20218
Gys2,232493
Rnf2,19821
Esrra,26379
Etv6,14011
Areg,11839
Mttp,17777
Abcc3,76408
Prm2,19119
Psrc1,56742
Hoxb6,15414
Ncf4,17972
Irf6,54139
Slc7a1,11987
Mmp15,17388
Cyp2d9,13105
Meis2,17536
Cdc73,214498
Fam3b,52793
Ppm1a,19042
Txnrd1,50493
Ptprc,19264
Top3a,21975
Cd19,12478
Hbb-bs,100503605
Gnrhr,14715
Gria2,14800
P2ry10,78826
Myh1,17879
Msi1,17690
Dmrt1,50796
Cd14,12475
Ppig,228005
Mrgbp,73247
Cyp24a1,13081
Fgfr2,14183
Pde4c,110385
Tfdp1,21781
Sgpp1,81535
Nol3,78688
Ggps1,14593
Notch1,18128
Kif12,16552
Dkk1,13380
Col10a1,12813
Zim1,22776
Nr0b2,23957
Cyp2a4,13086
Skil,20482
Prdx1,18477
Sox10,20665
Jdp2,81703
AI467606,101602
Hmgcl,15356
L1cam,16728
Nell2,54003
Lmo7,380928
Ppard,19015
Ncoa6,56406
Nt5e,23959
Banp,53325
Mecom,14013
Lbx1,16814
Mavs,228607
Fcgr2b,14130
Nelfcd,57314
Mmp28,118453
Lcn5,13863
Pdcd1,18566
Ppargc1a,19017
Dcstamp,75766
Il6ra,16194
Ms4a2,14126
Ccl9,20308
Mbd1,17190
Ncor2,20602
Zhx3,320799
Nfia,18027
Ctcfl,664799
Slc22a1,20517
Proc,19123
Pdk2,18604
Foxc1,17300
Ncoa3,17979
Epha7,13841
Irf9,16391
Zeb2,24136
Col2a1,12824
Cbfa2t3,12398
Postn,50706
Cacna1h,58226
Tyrobp,22177
Pmel,20431
Cd44,12505
St3gal5,20454
Epcam,17075
Gcgr,14527
Mxi1,17859
Zhx1,22770
Usf2,22282
Asah1,11886
Fasl,14103
Wwtr1,97064
Mlxipl,58805
Asxl1,228790
Hes6,55927
Tnfsf10,22035
Spic,20728
Cbl,12402
Socs3,12702
Npr1,18160
Itga6,16403
Ncmap,230822
Zfp263,74120
Foxf1,15227
Gch1,14528
Dgcr8,94223
Nr3c2,110784
Catsper1,225865
Siah1b,20438
Stat3,20848
Xbp1,22433
Lmo2,16909
Rhoa,11848
Wnt9a,216795
Amhr2,110542
Clec10a,17312
Id4,15904
Rcan1,54720
Stmn1,16765
Pitx1,18740
Atoh8,71093
Max,17187
Cebpz,12607
Chd1,12648
Bcl6b,12029
Anxa8,11752
Plppr4,229791
Ctf1,13019
Oscar,232790
Tcf7l2,21416
Myocd,214384
Pdk4,27273
Cdh11,12552
Cdk6,12571
Cd5l,11801
Gtf2h1,14884
Vegfb,22340
Retn,57264
Tfdp2,211586
Itgae,16407
Tfcp2l1,81879
Thbs1,21825
Il23a,83430
Setdb1,84505
Scgb1a1,22287
Mnx1,15285
Ncor1,20185
Prdm13,230025
Msx2,17702
Cxcl9,17329
Ptpro,19277
Foxc2,14234
Akr1b3,11677
Il2rb,16185
Slc6a6,21366
Ywhae,22627
Gadd45a,13197
Il13,16163
Noct,12457
Dcst1,77772
Zfp423,94187
Crabp2,12904
Npas2,18143
Oxt,18429
Angpt2,11601
Srrt,83701
Apod,11815
Icam2,15896
Pde3b,18576
Id1,15901
Arntl,11865
Pcsk9,100102
Alx4,11695
Osm,18413
Cdc25a,12530
Pdgfrb,18596
Nqo1,18104
Afp,11576
Robo2,268902
Mchr1,207911
Pelp1,75273
Bsx,244813
Ces2c,234671
Srd5a2,94224
Vhl,22346
Scarb1,20778
Kdr,16542
Tff2,21785
Chd8,67772
Itgam,16409
Myh11,17880
Grm2,108068
S1pr1,13609
Crem,12916
Six1,20471
Fshb,14308
Pla2g6,53357
Mrc1,17533
Sell,20343
Fgf3,14174
Plin5,66968
Mnt,17428
Mdc1,240087
Eif2ak2,19106
Kdm5c,20591
Nfatc4,73181
Sim1,20464
Cyp21a1,13079
Kcnv2,240595
Ikbkb,16150
Bglap3,12095
Muc2,17831
Cfb,14962
Cyp27a1,104086
Heph,15203
Slc25a4,11739
Cpt1a,12894
Bhlhe23,140489
Mgat5b,268510
Sirt5,68346
Mkl1,223701
Tac4,93670
Snd1,56463
Hif1a,15251
Bfsp1,12075
Sec23a,20334
H2-Eb1,14969
Mef2c,17260
Sp5,64406
Wnt1,22408
Hoxa2,15399
Tef,21685
Mmp3,17392
Fgfbp1,14181
Ifih1,71586
Alx1,216285
Fgf23,64654
Mgarp,67749
Bnip3,12176
Kpna2,16647
Ctgf,14219
Acaca,107476
Pax2,18504
Il12b,16160
Crebzf,233490
Map3k8,26410
Serpinh1,12406
Bmpr1b,12167
Mecp2,17257
Slc3a2,17254
Lss,16987
Mzf1,109889
Cad,69719
Hdac11,232232
Hrc,15464
Dab2,13132
Ddx58,230073
Apoc3,11814
Kif2a,16563
B3gat1,76898
Erbb2,13866
Dnmt3l,54427
Srr,27364
Scd1,20249
Gcfc2,330361
Odf2,18286
Hrasls5,66727
Bcl11b,58208
Itga5,16402
Csn1s1,12990
Fgf16,80903
Tfcp2,21422
Cdkn1c,12577
Cd3e,12501
Itpr1,16438
Trps1,83925
Plk3,12795
Unc5b,107449
Nf1,18015
Krt14,16664
Xrcc1,22594
Ccnb2,12442
Egfr,13649
Ostm1,14628
Sla2,77799
Ebna1bp2,69072
Serpine1,18787
Emsy,233545
Gcm1,14531
Ccl21a,18829
E4f1,13560
Me1,17436
Paqr7,71904
Tcp1,21454
Jak2,16452
Rxrb,20182
Tns1,21961
Fn1,14268
Cyp2b9,13094
Elp2,58523
Hoxd11,15431
Klf15,66277
Smtnl1,68678
Flt1,14254
Shbg,20415
Igfbp2,16008
Zbtb2,381990
Sag,20215
Elmo1,140580
Gclc,14629
Bmpr2,12168
Prkar2b,19088
Hmgcs2,15360
Klrb1c,17059
Hnrnpa2b1,53379
Akr1c18,105349
Kcnb1,16500
Sftpa1,20387
Smurf1,75788
Gbp2,14469
Rc3h1,381305
Ncoa2,17978
Krt5,110308
Tfap2b,21419
Tesc,57816
Fosl2,14284
Jarid2,16468
Wnt11,22411
Klf4,16600
Hdac3,15183
Sftpc,20389
Rictor,78757
Lhb,16866
Col3a1,12825
Neurog2,11924
C1qbp,12261
Ddit3,13198
Trh,22044
Cry1,12952
Pmp2,18857
Klf10,21847
Cirbp,12696
Tapbp,21356
Adipoq,11450
Stk39,53416
Avp,11998
Adipor1,72674
Cftr,12638
Prf1,18646
Fbxw7,50754
Ptpn4,19258
Nfe2l2,18024
Ubtfl1,546118
Sox14,20669
Maf,17132
Rbl1,19650
Hivep2,15273
Pias3,229615
Mef2d,17261
Slc9a3,105243
Mkx,210719
Drd1,13488
Tpsab1,100503895
Igfbp3,16009
Ccng2,12452
Prdm1,12142
Cxcl13,55985
Shox2,20429
Raf1,110157
Fgf21,56636
Bach1,12013
Foxa1,15375
Hand2,15111
Tead4,21679
Mgam,232714
Ccl2,20296
Aqp5,11830
Bcl9l,80288
Zfp513,101023
Ifne,230405
Fes,14159
Bmp2,12156
Tbp,21374
Cd55,13136
Fgf4,14175
Tmbim6,110213
Akr1b7,11997
Klf9,16601
Hdac2,15182
Tbx18,76365
Pttg1,30939
Cyp2b10,13088
Acmsd,266645
Wee1,22390
Cldn5,12741
Stat5a,20850
Src,20779
Fxyd1,56188
Irak1,16179
Emx2,13797
Cd3d,12500
Gria1,14799
Myom2,17930
Perp,64058
Pbx4,80720
Mvk,17855
Amelx,11704
Men1,17283
Gpx5,14780
Nnat,18111
Sox18,20672
Ret,19713
Atp12a,192113
Chst11,58250
Cxcl15,20309
Rif1,51869
Lfng,16848
Pex11a,18631
Gfpt2,14584
Acsl4,50790
Mepe,94111
Elp3,74195
Olig2,50913
Phf12,268448
Scgb3a2,117158
Nfe2l3,18025
Abcc1,17250
Hlx,15284
Aire,11634
Crh,12918
Prnd,26434
Cyp3a11,13112
Kcnj3,16519
Dot1l,208266
Cdh5,12562
Ptpn6,15170
Hdac1,433759
Fxyd2,11936
Hoxc6,15425
Nupr1,56312
Neurod1,18012
Pou4f1,18996
Slc15a1,56643
Vip,22353
Eed,13626
Bhlha15,17341
Plcg2,234779
Fkbp8,14232
Mmp14,17387
Abcb1a,18671
Tgfbr2,21813
Nox1,237038
Smad2,17126
Prdx6,11758
Tfb2m,15278
Clu,12759
Pirb,18733
Myl2,17906
Pde6a,225600
Sfrp1,20377
Spag6,381350
Nlrp1a,195046
Six3,20473
Tlr13,279572
Reln,19699
S1pr5,94226
H2-DMb1,14999
Lgals3,16854
Bcl6,12053
Sufu,24069
Notch4,18132
Mmp10,17384
Gstp2,14869
H2-Aa,14960
Per2,18627
Myh4,17884
Zfp143,20841
Whsc1l1,234135
Aqp2,11827
Srrm4,68955
Igf1r,16001
Ciita,12265
Sox2,20674
Barhl1,54422
Cdk4,12567
Csrp3,13009
Ctla4,12477
Tlx2,21909
Ttf1,22130
Csrp2,13008
Ccr9,12769
Blk,12143
Cend1,57754
Rela,19697
Brip1,237911
Scnn1a,20276
Snrpn,20646
Myo6,17920
Mbd3,17192
Acacb,100705
Med23,70208
Tpr,108989
Spen,56381
Ntrk1,18211
Ran,19384
Foxd3,15221
Atp1a1,11928
Rnd3,74194
Nat2,17961
Gas2,14453
Cyp7a1,13122
Nkd2,72293
H2-DMa,14998
Cxcl10,15945
Dmbx1,140477
Robo1,19876
Cnot3,232791
Tcf3,21423
Casp8ap2,26885
Mapk14,26416
Ldhb,16832
Cdkn2c,12580
Sp1,20683
Penk,18619
Sf1,22668
Epha5,13839
Il15,16168
Tyms,22171
Foxg1,15228
Smarcc1,20588
Zeb1,21417
Tle3,21887
Gata6,14465
Tnp1,21958
Pcx,18563
Sp3,20687
Npc1,18145
Ece1,230857
Mpv17l,93734
Gata4,14463
Pdgfa,18590
Slc10a1,20493
Tgfb2,21808
Vax2,24113
Gli1,14632
Bdnf,12064
Cd4,12504
Mcm6,17219
Ache,11423
Bmp7,12162
Map1b,17755
Pdcd1lg2,58205
Tfec,21426
Slc6a19,74338
Becn1,56208
Sp2,78912
Tph2,216343
Uhrf1,18140
Nfkbib,18036
F12,58992
Wisp2,22403
Arnt,11863
Meis1,17268
Fgf18,14172
Glb1,12091
Krt16,16666
Ccr7,12775
Col4a2,12827
Bcl11a,14025
G6pc,14377
Dr1,13486
Axin2,12006
Runx1,12394
Smarcd3,66993
Cebpe,110794
Gli2,14633
Tsc22d3,14605
Lrp1,16971
Ch25h,12642
Slc8a3,110893
Capn2,12334
Nr5a1,26423
Vegfd,14205
Col11a1,12814
Sgcg,24053
Onecut3,246086
Cox4i1,12857
Dapk1,69635
Tpt1,22070
Nfe2,18022
Fam162a,70186
Sox9,20682
Riox2,67014
Rbp3,19661
Pou3f4,18994
Cyp11b2,13072
Nfatc2,18019
Klf1,16596
Adgrb1,107831
Gata1,14460
H2afz,51788
Gstp1,14870
Nfyc,18046
Dspp,666279
Angptl4,57875
Hnrnpd,11991
Mafa,378435
Sp8,320145
Cyp4a12a,277753
Hadh,15107
Relb,19698
Jmjd1c,108829
Atoh7,53404
Fgf10,14165
Ptdss1,19210
En1,13798
Adora1,11539
Sry,21674
Entpd1,12495
Fgf7,14178
Crygd,12967
Abca3,27410
Hdac4,208727
Rest,19712
Cdk5r1,12569
Epha2,13836
Ubc,22190
Ltb,16994
Nfatc2ip,18020
Six6,20476
Cdx1,12590
Mif,17319
Tdo2,56720
Pdgfra,18595
Abcb4,18670
Slc2a4,20528
Otx1,18423
Smad3,17127
Ebi3,50498
Pparg,19016
Snai1,20613
Barx2,12023
Pkhd1,241035
Il17f,257630
Tg,21819
Bcl2l1,12048
Fam161a,73873
Epb42,13828
Ikzf3,22780
Ctse,13034
Rac1,19353
Rchy1,68098
Il2ra,16184
Il1a,16175
Pgf,18654
Ndor1,78797
Creb1,12912
Tnf,21926
Nr2f2,11819
Ripk2,192656
Eya1,14048
Sp4,20688
Nr1h4,20186
Plaur,18793
Med1,19014
Prg2,19074
Adam8,11501
Shc1,20416
Socs1,12703
Cyp1a1,13076
Stab1,192187
Wap,22373
Pax5,18507
Actc1,11464
Thrsp,21835
Mybbp1a,18432
Il7r,16197
Hamp,84506
Il1b,16176
Fabp7,12140
Fli1,14247
Trim32,69807
Rarres2,71660
Egr3,13655
Etv1,14009
Atf2,11909
Ihh,16147
Dhfr,13361
Lor,16939
Cidec,14311
Igf2bp2,319765
Nanos3,244551
Cd5,12507
Pnp,18950
Foxa3,15377
Twist2,13345
Sprr2a1,20755
Bmp5,12160
Trp53bp1,27223
Aif1,11629
Mef2a,17258
Ivl,16447
Bcl2a1a,12044
Wnt3a,22416
Rap2b,74012
Cd79a,12518
Gata3,14462
Tpo,22018
Krt13,16663
Igf1,16000
Cd86,12524
Mov10l1,83456
Oprm1,18390
Hoxc8,15426
Pdyn,18610
Bcl3,12051
Ddx5,13207
Star,20845
Rnf144a,108089
Ifna4,15967
Erg,13876
Eras,353283
Reep5,13476
Kat2b,18519
Cck,12424
Mdk,17242
Cdk9,107951
Dnmt3b,13436
Lmna,16905
Mpo,17523
Tspo,12257
Npas1,18142
Mdm2,17246
Atm,11920
Chek1,12649
Acadm,11364
Hipk2,15258
Rb1cc1,12421
Irf2,16363
Itga2b,16399
Ldhd,52815
Zfpm2,22762
Smurf2,66313
Myog,17928
Kras,16653
Abcb1b,18669
Ugt1a6a,94284
Foxp2,114142
Maoa,17161
Sftpb,20388
Sh3bp2,24055
Vsx1,114889
Hdgf,15191
Suz12,52615
Dmrt2,226049
Alx3,11694
Esrrg,26381
Klkb1,16621
Smad5,17129
Tial1,21843
Nfkbiz,80859
Zfp385a,29813
Creb3l4,78284
Mbp,17196
Thrb,21834
Tnk1,83813
Has2,15117
Ofd1,237222
Dach1,13134
Sst,20604
Zfpm1,22761
Foxj3,230700
Ldb2,16826
Hoxb1,15407
Cyp7b1,13123
Hes1,15205
Nectin2,19294
Acot1,26897
Atf1,11908
Slc51b,330962
Auts2,319974
Igll1,16136
Klf16,118445
Myf6,17878
Lpin1,14245
Ehmt2,110147
Adam12,11489
Cldn3,12739
Ncam1,17967
Phox2b,18935
Sp7,170574
Ibsp,15891
Lep,16846
Lhcgr,16867
Spry1,24063
Brca1,12189
Bmp6,12161
Hoxd4,15436
Cebpd,12609
F7,14068
Cldn19,242653
Hras,15461
Lefty1,13590
Inpp5k,19062
Kdm2a,225876
Nppb,18158
Rgs16,19734
Gjc1,14615
Gclm,14630
Calcrl,54598
Hoxa1,15394
Smad9,55994
Scnn1g,20278
Abcd4,19300
Il5ra,16192
Prdm5,70779
Nr4a3,18124
Hoxa9,15405
Dmp1,13406
Pbx1,18514
Tsg101,22088
Inpp5d,16331
Hoxd13,15433
Mybl2,17865
Pla2g7,27226
Xrcc6,14375
Tbx21,57765
Wnt5a,22418
Alpl,11647
Dpagt1,13478
Il27,246779
Phex,18675
Rax,19434
Pet1,260298
Nrip1,268903
C1qb,12260
Apom,55938
Slc45a2,22293
Cdx4,12592
Ezh1,14055
Cyp3a41a,53973
Egr4,13656
Mapk8,26419
Egf,13645
Agrp,11604
Tinagl1,94242
Mdm4,17248
Lbx2,16815
Tal1,21349
Ern1,78943
Zscan10,332221
Tap2,21355
Keap1,50868
Neurod6,11922
Socs2,216233
Alox5,11689
Ripply3,170765
Tll1,21892
Actg2,11468
Atf6,226641
Ash1l,192195
Sod3,20657
Rrm2b,382985
Hlf,217082
Mpz,17528
Plod1,18822
COX2,17709
Havcr2,171285
Mllt3,70122
Rag2,19374
Neurog1,18014
Ptges2,96979
Cldn11,18417
Cox17,12856
Parg,26430
Gtf2b,229906
Nr4a1,15370
Sod2,20656
Smoc2,64074
Pias2,17344
Slc40a1,53945
Mcm7,17220
Ankrd1,107765
Jazf1,231986
Ppp1r1b,19049
Pnmt,18948
Txlng,353170
Polr2f,69833
Mmp1a,83995
Gja3,14611
Irf7,54123
Akap12,83397
Car1,12346
Ewsr1,14030
Sox7,20680
Mxd3,17121
Wnt8b,22423
Ndp,17986
Lgals4,16855
Klf2,16598
Tbx4,21387
Opn1sw,12057
Mylk,107589
Myef2,17876
Acss2,60525
Reg3g,19695
Hr,15460
Depdc1b,218581
Map3k7,26409
Best1,24115
Gtf2a2,235459
Ocln,18260
Mycn,18109
Csrp1,13007
Ccl25,20300
Angpt1,11600
Mab21l2,23937
Srebf1,20787
Prl,19109
Notch3,18131
Defb2,13215
Nkx2-1,21869
Srf,20807
Chd7,320790
Mcm8,66634
Upf3b,68134
Cdk5r2,12570
Ptprz1,19283
Tnfrsf10b,21933
Pglyrp1,21946
Tnfrsf11b,18383
Nrf1,18181
Tfap2d,226896
Trib3,228775
Daxx,13163
Edem1,192193
Stat6,20852
Fshr,14309
Htr1a,15550
Nr1i2,18171
Cxcr5,12145
Olfr17,18314
Ehmt1,77683
Nos2,18126
Id3,15903
Cadm1,54725
Bik,12124
Scn8a,20273
Serpine2,20720
Slc39a10,227059
Sall4,99377
Morf4l1,21761
Cdx2,12591
Scgb3a1,68662
Ppp1r16a,73062
Cdo1,12583
Gfi1b,14582
Birc2,11797
Rfx5,53970
